{
  "position_grid": [
    0.0,
    0.125,
    0.25,
    0.375,
    0.5,
    0.625,
    0.75,
    0.875,
    1.0
  ],
  "profiles": [
    [
      0.011697,
      0.211207,
      0.554099,
      0.211207,
      0.011697,
      0.000094,
      0.0,
      0.0,
      0.0
    ],
    [
      0.000105,
      0.005766,
      0.086813,
      0.35932,
      0.408849,
      0.127888,
      0.010997,
      0.00026,
      0.000002
    ],
    [
      0.0,
      0.000001,
      0.000167,
      0.011367,
      0.161898,
      0.483337,
      0.302465,
      0.039675,
      0.001091
    ]
  ],
  "sample_times": [
    0.0,
    0.1,
    0.2
  ],
  "source": "synthetic_profiles"
}
